Content,EventTemplate,Output
ciod: failed to read message prefix on control stream (CioStream socket to 172.16.96.116:33569,ciod: failed to read message prefix on control stream (CioStream socket to <*>,ciod: failed to read message prefix on control stream (CioStream socket to <*>)
ciod: failed to read message prefix on control stream (CioStream socket to 172.16.96.116:33370,ciod: failed to read message prefix on control stream (CioStream socket to <*>,ciod: failed to read message prefix on control stream (CioStream socket to <*>)
data storage interrupt,data storage interrupt,<*>
data storage interrupt,data storage interrupt,<*>
data storage interrupt,data storage interrupt,<*>
data storage interrupt,data storage interrupt,<*>
data storage interrupt,data storage interrupt,<*>
data storage interrupt,data storage interrupt,<*>
data storage interrupt,data storage interrupt,<*>
data storage interrupt,data storage interrupt,<*>
data storage interrupt,data storage interrupt,<*>
data storage interrupt,data storage interrupt,<*>
data storage interrupt,data storage interrupt,<*>
data storage interrupt,data storage interrupt,<*>
data storage interrupt,data storage interrupt,<*>
data storage interrupt,data storage interrupt,<*>
data storage interrupt,data storage interrupt,<*>
data storage interrupt,data storage interrupt,<*>
data storage interrupt,data storage interrupt,<*>
machine check: i-fetch......................0,machine check: i-fetch......................<*>,machine check: <*>......................<*>
machine check: i-fetch......................0,machine check: i-fetch......................<*>,machine check: <*>......................<*>
data storage interrupt,data storage interrupt,<*>
data storage interrupt,data storage interrupt,<*>
data storage interrupt,data storage interrupt,<*>
data storage interrupt,data storage interrupt,<*>
data storage interrupt,data storage interrupt,<*>
data storage interrupt,data storage interrupt,<*>
data storage interrupt,data storage interrupt,<*>
data storage interrupt,data storage interrupt,<*>
data storage interrupt,data storage interrupt,<*>
machine check: i-fetch......................0,machine check: i-fetch......................<*>,machine check: <*>......................<*>
data storage interrupt,data storage interrupt,<*>
data storage interrupt,data storage interrupt,<*>
data storage interrupt,data storage interrupt,<*>
data storage interrupt,data storage interrupt,<*>
machine check: i-fetch......................0,machine check: i-fetch......................<*>,machine check: <*>......................<*>
data store interrupt caused by dcbf.........0,data store interrupt caused by dcbf.........<*>,"""data store interrupt caused by <*>.........<*>"""
machine check: i-fetch......................0,machine check: i-fetch......................<*>,machine check: <*>......................<*>
data store interrupt caused by dcbf.........0,data store interrupt caused by dcbf.........<*>,"""data store interrupt caused by <*>.........<*>"""
program interrupt: trap instruction.........0,program interrupt: trap instruction.........<*>,program interrupt: <*> instruction.........<*>
store operation.............................1,store operation.............................<*>,<*>.............................<*>
store operation.............................1,store operation.............................<*>,<*>.............................<*>
data store interrupt caused by icbi.........0,data store interrupt caused by icbi.........<*>,"""data store interrupt caused by <*>.........<*>"""
data store interrupt caused by icbi.........0,data store interrupt caused by icbi.........<*>,"""data store interrupt caused by <*>.........<*>"""
data store interrupt caused by icbi.........0,data store interrupt caused by icbi.........<*>,"""data store interrupt caused by <*>.........<*>"""
auxiliary processor.........................0,auxiliary processor.........................<*>,<*>.........................<*>
program interrupt: unimplemented operation..0,program interrupt: unimplemented operation..<*>,program interrupt: <*>..<*>
program interrupt: fp cr update.............0,program interrupt: fp cr update.............<*>,program interrupt: <*> cr update.............<*>
icache prefetch depth....................0,icache prefetch depth....................<*>,icache prefetch <*>....................<*>
icache prefetch threshold................0,icache prefetch threshold................<*>,icache prefetch <*>....................<*>
icache prefetch threshold................0,icache prefetch threshold................<*>,icache prefetch <*>....................<*>
critical input interrupt enable...0,critical input interrupt enable...<*>,<*> input interrupt enable...<*>
ciod: failed to read message prefix on control stream (CioStream socket to 172.16.96.116:51706,ciod: failed to read message prefix on control stream (CioStream socket to <*>,ciod: failed to read message prefix on control stream (CioStream socket to <*>)
ciod: Error creating node map from file /p/gb2/cabot/miranda/newmaps/8k_128x64x1_8x4x4.map: No child processes,ciod: Error creating node map from file <*>: No child processes,ciod: Error creating node map from file <*>: <*>
program interrupt,program interrupt,<*>
data store interrupt caused by dcbf.........0,data store interrupt caused by dcbf.........<*>,"""data store interrupt caused by <*>.........<*>"""
data store interrupt caused by icbi.........0,data store interrupt caused by icbi.........<*>,"""data store interrupt caused by <*>.........<*>"""
data store interrupt caused by icbi.........0,data store interrupt caused by icbi.........<*>,"""data store interrupt caused by <*>.........<*>"""
auxiliary processor.........................0,auxiliary processor.........................<*>,<*>.........................<*>
auxiliary processor.........................0,auxiliary processor.........................<*>,<*>.........................<*>
auxiliary processor.........................0,auxiliary processor.........................<*>,<*>.........................<*>
program interrupt: unimplemented operation..0,program interrupt: unimplemented operation..<*>,program interrupt: <*>..<*>
program interrupt,program interrupt,<*>
program interrupt,program interrupt,<*>
data store interrupt caused by dcbf.........0,data store interrupt caused by dcbf.........<*>,"""data store interrupt caused by <*>.........<*>"""
data store interrupt caused by dcbf.........0,data store interrupt caused by dcbf.........<*>,"""data store interrupt caused by <*>.........<*>"""
auxiliary processor.........................0,auxiliary processor.........................<*>,<*>.........................<*>
ciod: Error creating node map from file /p/gb2/welcome3/32k_128x256x1_8x4x4.map: Bad file descriptor,ciod: Error creating node map from file <*>: Bad file descriptor,ciod: Error creating node map from file <*>: <*>
Ido chip status changed: FF:F2:9F:16:E2:23:00:0D:60:E9:1D:DC ip=10.0.0.151 v=9 t=4 status=M Fri Jul 01 08:16:53 PDT 2005,Ido chip status changed: <*> ip=<*> v=<*> t=<*> status=M <*>,Ido chip status changed: <*> ip=<*> v=<*> t=<*> status=<*> <*>
Can not get assembly information for node card,Can not get assembly information for node card,Can not get assembly information for node <*>
1 torus receiver z+ input pipe error(s) (dcr 0x02f0) detected and corrected,<*> torus receiver z+ input pipe error(s) (dcr <*>) detected and corrected,<*> torus receiver <*> input pipe error(s) (dcr <*>) detected and corrected
ciod: Error creating node map from file /home/pakin1/sweep3d-2.2b/results/random1-8x32x32x2.map: Permission denied,ciod: Error creating node map from file <*>: Permission denied,ciod: Error creating node map from file <*>: <*>
NodeCard is not fully functional,NodeCard is not fully functional,<*> is not fully functional
"Node card status: ALERT 0, ALERT 1, ALERT 2, ALERT 3 is (are) active. Clock Mode is Low. Clock Select is Midplane. Phy JTAG Reset is asserted. ASIC JTAG Reset is not asserted. Temperature Mask is not active. No temperature error. Temperature Limit Error Latch is clear. PGOOD is asserted. PGOOD error latch is clear. MPGOOD is OK. MPGOOD error latch is clear. The 2.5 volt rail is OK. The 1.5 volt rail is OK.","Node card status: ALERT <*>, ALERT <*>, ALERT <*>, ALERT <*> is (are) active. Clock Mode is Low. Clock Select is Midplane. Phy JTAG Reset is asserted. ASIC JTAG Reset is not asserted. Temperature Mask is not active. No temperature error. Temperature Limit Error Latch is clear. PGOOD is asserted. PGOOD error latch is clear. MPGOOD is OK. MPGOOD error latch is clear. The <*> volt rail is OK. The <*> volt rail is OK.","Node card status: <*>, Clock Mode is <*>. Clock Select is <*>. Phy JTAG Reset is <*>. ASIC JTAG Reset is <*>. Temperature Mask is <*>. <*>. Temperature Limit Error Latch is <*>. PGOOD is <*>. PGOOD error latch is <*>. MPGOOD is <*>. MPGOOD error latch is <*>. The <*> volt rail is <*>. The <*> volt rail is <*>."
Can not get assembly information for node card,Can not get assembly information for node card,Can not get assembly information for node <*>
Can not get assembly information for node card,Can not get assembly information for node card,Can not get assembly information for node <*>
Node card status: no ALERTs are active. Clock Mode is Low. Clock Select is Midplane. Phy JTAG Reset is asserted. ASIC JTAG Reset is asserted. Temperature Mask is not active. No temperature error. Temperature Limit Error Latch is clear. PGOOD IS NOT ASSERTED. PGOOD ERROR LATCH IS ACTIVE. MPGOOD IS NOT OK. MPGOOD ERROR LATCH IS ACTIVE. The 2.5 volt rail is OK. The 1.5 volt rail is OK.,Node card status: no ALERTs are active. Clock Mode is Low. Clock Select is Midplane. Phy JTAG Reset is asserted. ASIC JTAG Reset is asserted. Temperature Mask is not active. No temperature error. Temperature Limit Error Latch is clear. PGOOD IS NOT ASSERTED. PGOOD ERROR LATCH IS ACTIVE. MPGOOD IS NOT OK. MPGOOD ERROR LATCH IS ACTIVE. The <*> volt rail is OK. The <*> volt rail is OK.,Node card status: no ALERTs are active. Clock Mode is <*>. Clock Select is <*>. Phy JTAG Reset is asserted. ASIC JTAG Reset is asserted. Temperature Mask is not active. No temperature error. Temperature Limit Error Latch is clear. PGOOD IS NOT ASSERTED. PGOOD ERROR LATCH IS ACTIVE. MPGOOD IS NOT OK. MPGOOD ERROR LATCH IS ACTIVE. The <*> volt rail is OK. The <*> volt rail is OK.
Node card status: no ALERTs are active. Clock Mode is Low. Clock Select is Midplane. Phy JTAG Reset is asserted. ASIC JTAG Reset is asserted. Temperature Mask is not active. No temperature error. Temperature Limit Error Latch is clear. PGOOD IS NOT ASSERTED. PGOOD ERROR LATCH IS ACTIVE. MPGOOD IS NOT OK. MPGOOD ERROR LATCH IS ACTIVE. The 2.5 volt rail is OK. The 1.5 volt rail is OK.,Node card status: no ALERTs are active. Clock Mode is Low. Clock Select is Midplane. Phy JTAG Reset is asserted. ASIC JTAG Reset is asserted. Temperature Mask is not active. No temperature error. Temperature Limit Error Latch is clear. PGOOD IS NOT ASSERTED. PGOOD ERROR LATCH IS ACTIVE. MPGOOD IS NOT OK. MPGOOD ERROR LATCH IS ACTIVE. The <*> volt rail is OK. The <*> volt rail is OK.,Node card status: no ALERTs are active. Clock Mode is <*>. Clock Select is <*>. Phy JTAG Reset is asserted. ASIC JTAG Reset is asserted. Temperature Mask is not active. No temperature error. Temperature Limit Error Latch is clear. PGOOD IS NOT ASSERTED. PGOOD ERROR LATCH IS ACTIVE. MPGOOD IS NOT OK. MPGOOD ERROR LATCH IS ACTIVE. The <*> volt rail is OK. The <*> volt rail is OK.
Ido chip status changed: FF:F2:9F:16:EB:27:00:0D:60:E9:14:D8 ip=10.0.2.192 v=13 t=4 status=M Thu Aug 04 15:29:45 PDT 2005,Ido chip status changed: <*> ip=<*> v=<*> t=<*> status=M <*>,Ido chip status changed: <*> ip=<*> v=<*> t=<*> status=<*> <*>
Ido chip status changed: FF:F2:9F:15:7E:6E:00:0D:60:EA:81:91 ip=10.0.1.155 v=13 t=1 status=M Thu Aug 04 15:31:25 PDT 2005,Ido chip status changed: <*> ip=<*> v=<*> t=<*> status=M <*>,Ido chip status changed: <*> ip=<*> v=<*> t=<*> status=<*> <*>
"PrepareForService shutting down NodeCard(mLctn(R25-M1-N2), mCardSernum(203231503833343000000000594c31304b34333431303158), mLp(FF:F2:9F:16:CF:0F:00:0D:60:E9:30:F0), mIp(10.2.2.80), mType(4)) as part of Service Action 310","PrepareForService shutting down NodeCard(mLctn(<*>), mCardSernum(<*>), mLp(<*>), mIp(<*>), mType(<*>)) as part of Service Action <*>","PrepareForService shutting down NodeCard(<*>), mCardSernum(<*>), mLp(<*>), mIp(<*>), mType(<*>)) as part of Service Action <*>"
Ido chip status changed: FF:F2:9F:16:DC:81:00:0D:60:E9:23:7E ip=10.6.1.207 v=13 t=4 status=M Tue Aug 09 10:08:23 PDT 2005,Ido chip status changed: <*> ip=<*> v=<*> t=<*> status=M <*>,Ido chip status changed: <*> ip=<*> v=<*> t=<*> status=<*> <*>
Can not get assembly information for node card,Can not get assembly information for node card,Can not get assembly information for node <*>
Can not get assembly information for node card,Can not get assembly information for node card,Can not get assembly information for node <*>
Can not get assembly information for node card,Can not get assembly information for node card,Can not get assembly information for node <*>
Node card status: no ALERTs are active. Clock Mode is Low. Clock Select is Midplane. Phy JTAG Reset is asserted. ASIC JTAG Reset is asserted. Temperature Mask is not active. No temperature error. Temperature Limit Error Latch is clear. PGOOD IS NOT ASSERTED. PGOOD ERROR LATCH IS ACTIVE. MPGOOD IS NOT OK. MPGOOD ERROR LATCH IS ACTIVE. The 2.5 volt rail is OK. The 1.5 volt rail is OK.,Node card status: no ALERTs are active. Clock Mode is Low. Clock Select is Midplane. Phy JTAG Reset is asserted. ASIC JTAG Reset is asserted. Temperature Mask is not active. No temperature error. Temperature Limit Error Latch is clear. PGOOD IS NOT ASSERTED. PGOOD ERROR LATCH IS ACTIVE. MPGOOD IS NOT OK. MPGOOD ERROR LATCH IS ACTIVE. The <*> volt rail is OK. The <*> volt rail is OK.,Node card status: no ALERTs are active. Clock Mode is <*>. Clock Select is <*>. Phy JTAG Reset is asserted. ASIC JTAG Reset is asserted. Temperature Mask is not active. No temperature error. Temperature Limit Error Latch is clear. PGOOD IS NOT ASSERTED. PGOOD ERROR LATCH IS ACTIVE. MPGOOD IS NOT OK. MPGOOD ERROR LATCH IS ACTIVE. The <*> volt rail is OK. The <*> volt rail is OK.
rts tree/torus link training failed: wanted: B C X+ X- Y+ Y- Z+ Z- got: B C X- Y- Z+ Z-,rts tree/torus link training failed: wanted: <*> got: <*>,rts tree/torus link training failed: wanted: <*> <*> X+ X- Y+ Y- <*> <*> got: <*> <*> X- Y- <*> <*>
ciod: LOGIN chdir(pwd) failed: No such file or directory,ciod: LOGIN chdir(<*>) failed: No such file or directory,ciod: LOGIN chdir(pwd) failed: <*>
ciod: LOGIN chdir(pwd) failed: No such file or directory,ciod: LOGIN chdir(<*>) failed: No such file or directory,ciod: LOGIN chdir(pwd) failed: <*>
Node card status: no ALERTs are active. Clock Mode is Low. Clock Select is Midplane. Phy JTAG Reset is asserted. ASIC JTAG Reset is asserted. Temperature Mask is not active. No temperature error. Temperature Limit Error Latch is clear. PGOOD IS NOT ASSERTED. PGOOD ERROR LATCH IS ACTIVE. MPGOOD IS NOT OK. MPGOOD ERROR LATCH IS ACTIVE. The 2.5 volt rail is OK. The 1.5 volt rail is OK.,Node card status: no ALERTs are active. Clock Mode is Low. Clock Select is Midplane. Phy JTAG Reset is asserted. ASIC JTAG Reset is asserted. Temperature Mask is not active. No temperature error. Temperature Limit Error Latch is clear. PGOOD IS NOT ASSERTED. PGOOD ERROR LATCH IS ACTIVE. MPGOOD IS NOT OK. MPGOOD ERROR LATCH IS ACTIVE. The <*> volt rail is OK. The <*> volt rail is OK.,Node card status: no ALERTs are active. Clock Mode is <*>. Clock Select is <*>. Phy JTAG Reset is asserted. ASIC JTAG Reset is asserted. Temperature Mask is not active. No temperature error. Temperature Limit Error Latch is clear. PGOOD IS NOT ASSERTED. PGOOD ERROR LATCH IS ACTIVE. MPGOOD IS NOT OK. MPGOOD ERROR LATCH IS ACTIVE. The <*> volt rail is OK. The <*> volt rail is OK.
1 torus receiver x+ input pipe error(s) (dcr 0x02ec) detected and corrected,<*> torus receiver x+ input pipe error(s) (dcr <*>) detected and corrected,<*> torus receiver <*> input pipe error(s) (dcr <*>) detected and corrected
"ciod: In packet from node 91.0 (R62-M1-Nf-C:J03-U11), message code 2 is not 3 or 4294967295 (softheader=003b005b 00030000 00000001 00000000)","ciod: In packet from node <*> (<*>), message code <*> is not <*> or <*> (softheader=<*> <*> <*> <*>)","ciod: In packet from node <*> (<*>), message code <*> is not <*> or <*> (softheader=<*>)"
1 torus receiver y+ input pipe error(s) (dcr 0x02ee) detected and corrected,<*> torus receiver y+ input pipe error(s) (dcr <*>) detected and corrected,<*> torus receiver <*> input pipe error(s) (dcr <*>) detected and corrected
Ido chip status changed: FF:F2:9F:15:7B:E0:00:0D:60:EA:84:1F ip=10.7.0.130 v=13 t=1 status=M Sat Sep 17 07:49:04 PDT 2005,Ido chip status changed: <*> ip=<*> v=<*> t=<*> status=M <*>,Ido chip status changed: <*> ip=<*> v=<*> t=<*> status=<*> <*>
Node card status: no ALERTs are active. Clock Mode is Low. Clock Select is Midplane. Phy JTAG Reset is asserted. ASIC JTAG Reset is asserted. Temperature Mask is not active. No temperature error. Temperature Limit Error Latch is clear. PGOOD IS NOT ASSERTED. PGOOD ERROR LATCH IS ACTIVE. MPGOOD IS NOT OK. MPGOOD ERROR LATCH IS ACTIVE. The 2.5 volt rail is OK. The 1.5 volt rail is OK.,Node card status: no ALERTs are active. Clock Mode is Low. Clock Select is Midplane. Phy JTAG Reset is asserted. ASIC JTAG Reset is asserted. Temperature Mask is not active. No temperature error. Temperature Limit Error Latch is clear. PGOOD IS NOT ASSERTED. PGOOD ERROR LATCH IS ACTIVE. MPGOOD IS NOT OK. MPGOOD ERROR LATCH IS ACTIVE. The <*> volt rail is OK. The <*> volt rail is OK.,Node card status: no ALERTs are active. Clock Mode is <*>. Clock Select is <*>. Phy JTAG Reset is asserted. ASIC JTAG Reset is asserted. Temperature Mask is not active. No temperature error. Temperature Limit Error Latch is clear. PGOOD IS NOT ASSERTED. PGOOD ERROR LATCH IS ACTIVE. MPGOOD IS NOT OK. MPGOOD ERROR LATCH IS ACTIVE. The <*> volt rail is OK. The <*> volt rail is OK.
rts: bad message header: expecting type 57 instead of type 3 (softheader=00131db8 81aa0003 00000002 00000000) PSR0=00001f01 PSR1=00000000 PRXF=00000002 PIXF=00000007,rts: bad message header: expecting type <*> instead of type <*> (softheader=<*> <*> <*> <*>) PSR0=<*> PSR1=<*> PRXF=<*> PIXF=<*>,rts: bad message header: expecting type <*> instead of type <*> (softheader=<*>) PSR0=<*> PSR1=<*> PRXF=<*> PIXF=<*>
critical input interrupt (unit=0x0b bit=0x06): warning for torus y+ wire,critical input interrupt (unit=<*> bit=<*>): warning for torus y+ wire,critical input interrupt (unit=<*> bit=<*>): warning for <*> <*> wire
shutdown complete,shutdown complete,<*> complete
"Error receiving packet on tree network, expecting type 57 instead of type 3 (softheader=0064588e 8aff0003 00000002 00000000) PSR0=00001f01 PSR1=00000000 PRXF=00000002 PIXF=00000007","Error receiving packet on tree network, expecting type <*> instead of type <*> (softheader=<*> <*> <*> <*>) PSR0=<*> PSR1=<*> PRXF=<*> PIXF=<*>","Error receiving packet on <*> network, expecting type <*> instead of type <*> (softheader=<*>) PSR0=<*> PSR1=<*> PRXF=<*> PIXF=<*>"
"Error receiving packet on tree network, expecting type 57 instead of type 3 (softheader=00589370 90990003 00000002 00000000) PSR0=00001f01 PSR1=00000000 PRXF=00000002 PIXF=00000007","Error receiving packet on tree network, expecting type <*> instead of type <*> (softheader=<*> <*> <*> <*>) PSR0=<*> PSR1=<*> PRXF=<*> PIXF=<*>","Error receiving packet on <*> network, expecting type <*> instead of type <*> (softheader=<*>) PSR0=<*> PSR1=<*> PRXF=<*> PIXF=<*>"
5 torus receiver z+ input pipe error(s) (dcr 0x02f0) detected and corrected,<*> torus receiver z+ input pipe error(s) (dcr <*>) detected and corrected,<*> torus receiver <*> input pipe error(s) (dcr <*>) detected and corrected
3 L3 EDRAM error(s) (dcr 0x0157) detected and corrected,<*> L3 EDRAM error(s) (dcr <*>) detected and corrected,<*> <*> EDRAM error(s) (dcr <*>) detected and corrected
"Error receiving packet on tree network, expecting type 57 instead of type 3 (softheader=00ce22e8 e6200003 00000002 00000000) PSR0=00001f01 PSR1=00000000 PRXF=00000002 PIXF=00000007","Error receiving packet on tree network, expecting type <*> instead of type <*> (softheader=<*> <*> <*> <*>) PSR0=<*> PSR1=<*> PRXF=<*> PIXF=<*>","Error receiving packet on <*> network, expecting type <*> instead of type <*> (softheader=<*>) PSR0=<*> PSR1=<*> PRXF=<*> PIXF=<*>"
"Error receiving packet on tree network, expecting type 57 instead of type 3 (softheader=00ce22e8 e6200003 00000002 00000000) PSR0=20021f01 PSR1=00000000 PRXF=00000002 PIXF=00000007","Error receiving packet on tree network, expecting type <*> instead of type <*> (softheader=<*> <*> <*> <*>) PSR0=<*> PSR1=<*> PRXF=<*> PIXF=<*>","Error receiving packet on <*> network, expecting type <*> instead of type <*> (softheader=<*>) PSR0=<*> PSR1=<*> PRXF=<*> PIXF=<*>"
"Error receiving packet on tree network, expecting type 57 instead of type 3 (softheader=009756d5 8bfa0003 00000002 00000000) PSR0=20021f01 PSR1=00000000 PRXF=00000002 PIXF=00000007","Error receiving packet on tree network, expecting type <*> instead of type <*> (softheader=<*> <*> <*> <*>) PSR0=<*> PSR1=<*> PRXF=<*> PIXF=<*>","Error receiving packet on <*> network, expecting type <*> instead of type <*> (softheader=<*>) PSR0=<*> PSR1=<*> PRXF=<*> PIXF=<*>"
Lustre mount FAILED : bglio78 : block_id : location,Lustre mount FAILED : <*> : block_id : location,Lustre mount FAILED : <*> : <*> : <*>
"Kernel detected 35591540 integer alignment exceptions (35591533) iar 0x0023f108, dear 0x1feaa260 (35591534) iar 0x00265564, dear 0x1feaa1c0 (35591535) iar 0x00265574, dear 0x1feaa1e0 (35591536) iar 0x00265578, dear 0x1feaa200 (35591537) iar 0x00265588, dear 0x1feaa220 (35591538) iar 0x0026558c, dear 0x1feaa240 (35591539) iar 0x00265594, dear 0x1feaa260 (35591540) iar 0x00265598, dear 0x1feaa280","Kernel detected <*> integer alignment exceptions (<*>) iar <*>, dear <*> (<*>) iar <*>, dear <*> (<*>) iar <*>, dear <*> (<*>) iar <*>, dear <*> (<*>) iar <*>, dear <*> (<*>) iar <*>, dear <*> (<*>) iar <*>, dear <*> (<*>) iar <*>, dear <*>","Kernel detected <*> integer alignment exceptions (<*>) iar <*>, dear <*>"
Lustre mount FAILED : bglio617 : block_id : location,Lustre mount FAILED : <*> : block_id : location,Lustre mount FAILED : <*> : <*> : <*>
"critical input interrupt (unit=0x0b bit=0x17): warning for tree C1 wire, suppressing further interrupts of same type","critical input interrupt (unit=<*> bit=<*>): warning for tree C1 wire, suppressing further interrupts of same type","<*> input interrupt (unit=<*> bit=<*>): <*>, suppressing further interrupts of same type"
"Kernel detected 3830884 integer alignment exceptions (3830877) iar 0x00544ea8, dear 0x01fc1ba0 (3830878) iar 0x00544eb8, dear 0x01fc1bc0 (3830879) iar 0x00544ea8, dear 0x01fc1be0 (3830880) iar 0x00544eb8, dear 0x01fc1c00 (3830881) iar 0x00544ee0, dear 0x01fc1c20 (3830882) iar 0x00544ef0, dear 0x01fc1c40 (3830883) iar 0x00544ee0, dear 0x01fc1c60 (3830884) iar 0x00544ef0, dear 0x01fc1c80","Kernel detected <*> integer alignment exceptions (<*>) iar <*>, dear <*> (<*>) iar <*>, dear <*> (<*>) iar <*>, dear <*> (<*>) iar <*>, dear <*> (<*>) iar <*>, dear <*> (<*>) iar <*>, dear <*> (<*>) iar <*>, dear <*> (<*>) iar <*>, dear <*>","Kernel detected <*> integer alignment exceptions (<*>) iar <*>, dear <*>"
"Kernel detected 3853444 integer alignment exceptions (3853437) iar 0x00544ea8, dear 0x01ef5e20 (3853438) iar 0x00544eb8, dear 0x01ef5e40 (3853439) iar 0x00544ea8, dear 0x01ef5e60 (3853440) iar 0x00544eb8, dear 0x01ef5e80 (3853441) iar 0x00544ee0, dear 0x01ef5ea0 (3853442) iar 0x00544ef0, dear 0x01ef5ec0 (3853443) iar 0x00544ee0, dear 0x01ef5ee0 (3853444) iar 0x00544ef0, dear 0x01ef5f00","Kernel detected <*> integer alignment exceptions (<*>) iar <*>, dear <*> (<*>) iar <*>, dear <*> (<*>) iar <*>, dear <*> (<*>) iar <*>, dear <*> (<*>) iar <*>, dear <*> (<*>) iar <*>, dear <*> (<*>) iar <*>, dear <*> (<*>) iar <*>, dear <*>","Kernel detected <*> integer alignment exceptions (<*>) iar <*>, dear <*>"
"Kernel detected 3747792 integer alignment exceptions (3747785) iar 0x00544ea8, dear 0x01fc9220 (3747786) iar 0x00544eb8, dear 0x01fc9240 (3747787) iar 0x00544ea8, dear 0x01fc9260 (3747788) iar 0x00544eb8, dear 0x01fc9280 (3747789) iar 0x00544ee0, dear 0x01fc92a0 (3747790) iar 0x00544ef0, dear 0x01fc92c0 (3747791) iar 0x00544ee0, dear 0x01fc92e0 (3747792) iar 0x00544ef0, dear 0x01fc9300","Kernel detected <*> integer alignment exceptions (<*>) iar <*>, dear <*> (<*>) iar <*>, dear <*> (<*>) iar <*>, dear <*> (<*>) iar <*>, dear <*> (<*>) iar <*>, dear <*> (<*>) iar <*>, dear <*> (<*>) iar <*>, dear <*> (<*>) iar <*>, dear <*>","Kernel detected <*> integer alignment exceptions (<*>) iar <*>, dear <*>"
"Kernel detected 3946290 integer alignment exceptions (3946283) iar 0x00544ea8, dear 0x01ef6080 (3946284) iar 0x00544eb8, dear 0x01ef60a0 (3946285) iar 0x00544ea8, dear 0x01ef60c0 (3946286) iar 0x00544eb8, dear 0x01ef60e0 (3946287) iar 0x00544ee0, dear 0x01ef6100 (3946288) iar 0x00544ef0, dear 0x01ef6120 (3946289) iar 0x00544ee0, dear 0x01ef6140 (3946290) iar 0x00544ef0, dear 0x01ef6160","Kernel detected <*> integer alignment exceptions (<*>) iar <*>, dear <*> (<*>) iar <*>, dear <*> (<*>) iar <*>, dear <*> (<*>) iar <*>, dear <*> (<*>) iar <*>, dear <*> (<*>) iar <*>, dear <*> (<*>) iar <*>, dear <*> (<*>) iar <*>, dear <*>","Kernel detected <*> integer alignment exceptions (<*>) iar <*>, dear <*>"
"Kernel detected 4909176 integer alignment exceptions (4909169) iar 0x00544ea8, dear 0x01fc8a40 (4909170) iar 0x00544eb8, dear 0x01fc8a60 (4909171) iar 0x00544ea8, dear 0x01fc8a80 (4909172) iar 0x00544eb8, dear 0x01fc8aa0 (4909173) iar 0x00544ee0, dear 0x01fc8ac0 (4909174) iar 0x00544ef0, dear 0x01fc8ae0 (4909175) iar 0x00544ee0, dear 0x01fc8b00 (4909176) iar 0x00544ef0, dear 0x01fc8b20","Kernel detected <*> integer alignment exceptions (<*>) iar <*>, dear <*> (<*>) iar <*>, dear <*> (<*>) iar <*>, dear <*> (<*>) iar <*>, dear <*> (<*>) iar <*>, dear <*> (<*>) iar <*>, dear <*> (<*>) iar <*>, dear <*> (<*>) iar <*>, dear <*>","Kernel detected <*> integer alignment exceptions (<*>) iar <*>, dear <*>"
"Kernel detected 4898338 integer alignment exceptions (4898331) iar 0x00544ea8, dear 0x049e75e0 (4898332) iar 0x00544eb8, dear 0x049e7600 (4898333) iar 0x00544ea8, dear 0x049e7620 (4898334) iar 0x00544eb8, dear 0x049e7640 (4898335) iar 0x00544ee0, dear 0x049e7660 (4898336) iar 0x00544ef0, dear 0x049e7680 (4898337) iar 0x00544ee0, dear 0x049e76a0 (4898338) iar 0x00544ef0, dear 0x049e76c0","Kernel detected <*> integer alignment exceptions (<*>) iar <*>, dear <*> (<*>) iar <*>, dear <*> (<*>) iar <*>, dear <*> (<*>) iar <*>, dear <*> (<*>) iar <*>, dear <*> (<*>) iar <*>, dear <*> (<*>) iar <*>, dear <*> (<*>) iar <*>, dear <*>","Kernel detected <*> integer alignment exceptions (<*>) iar <*>, dear <*>"
"Kernel detected 3945740 integer alignment exceptions (3945733) iar 0x00544ea8, dear 0x01ef7960 (3945734) iar 0x00544eb8, dear 0x01ef7980 (3945735) iar 0x00544ea8, dear 0x01ef79a0 (3945736) iar 0x00544eb8, dear 0x01ef79c0 (3945737) iar 0x00544ee0, dear 0x01ef79e0 (3945738) iar 0x00544ef0, dear 0x01ef7a00 (3945739) iar 0x00544ee0, dear 0x01ef7a20 (3945740) iar 0x00544ef0, dear 0x01ef7a40","Kernel detected <*> integer alignment exceptions (<*>) iar <*>, dear <*> (<*>) iar <*>, dear <*> (<*>) iar <*>, dear <*> (<*>) iar <*>, dear <*> (<*>) iar <*>, dear <*> (<*>) iar <*>, dear <*> (<*>) iar <*>, dear <*> (<*>) iar <*>, dear <*>","Kernel detected <*> integer alignment exceptions (<*>) iar <*>, dear <*>"
"Kernel detected 3486044 integer alignment exceptions (3486037) iar 0x00544ea8, dear 0x01ef7c60 (3486038) iar 0x00544eb8, dear 0x01ef7c80 (3486039) iar 0x00544ea8, dear 0x01ef7ca0 (3486040) iar 0x00544eb8, dear 0x01ef7cc0 (3486041) iar 0x00544ee0, dear 0x01ef7ce0 (3486042) iar 0x00544ef0, dear 0x01ef7d00 (3486043) iar 0x00544ee0, dear 0x01ef7d20 (3486044) iar 0x00544ef0, dear 0x01ef7d40","Kernel detected <*> integer alignment exceptions (<*>) iar <*>, dear <*> (<*>) iar <*>, dear <*> (<*>) iar <*>, dear <*> (<*>) iar <*>, dear <*> (<*>) iar <*>, dear <*> (<*>) iar <*>, dear <*> (<*>) iar <*>, dear <*> (<*>) iar <*>, dear <*>","Kernel detected <*> integer alignment exceptions (<*>) iar <*>, dear <*>"
ciod: LOGIN chdir(/p/gb1/stella/RAPTOR/2183) failed: Input/output error,ciod: LOGIN chdir(<*>) failed: Input/output error,ciod: LOGIN chdir(<*>) failed: <*>
2 L3 EDRAM error(s) (dcr 0x0157) detected and corrected over 282 seconds,<*> L3 EDRAM error(s) (dcr <*>) detected and corrected over <*> seconds,<*> <*> <*> error(s) (dcr <*>) detected and corrected over <*> seconds
fpr29=0xffffffff ffffffff ffffffff ffffffff,fpr29=<*>,fpr29=<*> <*> <*> <*>
Machine State Register: 0x0002f900,Machine State Register: <*>,
