LogMessage,LoggingStatement,LogTemplate,LogTemplate_fromLS
"03-17 16:13:38.811  1702  2395 D WindowManager: printFreezingDisplayLogsopening app wtoken = AppWindowToken{9f4ef63 token=Token{a64f992 ActivityRecord{de9231d u0 com.tencent.qt.qtl/.activity.info.NewsDetailXmlActivity t761}}}, allDrawn= false, startingDisplayed =  false, startingMoved =  false, isRelaunching =  false
","String message = ""printFreezingDisplayLogsopening app wtoken = %s, allDrawn= %b, startingDisplayed = %b, startingMoved = %b, isRelaunching = %b"";
Log.d(TAG, String.format(message, wtoken, allDrawn, startingDisplayed, startingMoved, isRelaunching));","printFreezingDisplayLogsopening app wtoken = AppWindowToken{<*> token=Token{<*> ActivityRecord{<*> u0 <*>/.<*> t761}}}, allDrawn= <*>, startingDisplayed = <*>, startingMoved = <*>, isRelaunching = <*>","printFreezingDisplayLogsopening app wtoken = <*>, allDrawn= <*>, startingDisplayed = <*>, startingMoved = <*>, isRelaunching = <*>"
"03-17 16:13:38.819  1702  8671 D PowerManagerService: acquire lock=233570404, flags=0x1, tag=""View Lock"", name=com.android.systemui, ws=null, uid=10037, pid=2227
","String message = String.format(""acquire lock=%d, flags=0x%x, tag=\""%s\"", name=%s, ws=%s, uid=%d, pid=%d"", lock, flags, tag, name, ws, uid, pid);
Log.d(TAG, message);","acquire lock=<*>, flags=<*>, tag=""<*>"", name=<*>, ws=<*>, uid=<*>, pid=<*>","acquire lock=<*>, flags=0x<*>, tag=\"
"03-17 16:13:38.820  1702  8671 D PowerManagerService: ready=true,policy=3,wakefulness=1,wksummary=0x23,uasummary=0x1,bootcompleted=true,boostinprogress=false,waitmodeenable=false,mode=false,manual=38,auto=-1,adj=0.0userId=0
","Log.d(TAG, ""ready="" + ready + "",policy="" + policy + "",wakefulness="" + wakefulness + "",wksummary="" + Integer.toHexString(wksummary) + "",uasummary="" + Integer.toHexString(uasummary) + "",bootcompleted="" + bootcompleted + "",boostinprogress="" + boostinprogress + "",waitmodeenable="" + waitmodeenable + "",mode="" + mode + "",manual="" + manual + "",auto="" + auto + "",adj="" + adj + ""userId="" + userId);","ready=<*>,policy=<*>,wakefulness=<*>,wksummary=<*>,uasummary=<*>,bootcompleted=<*>,boostinprogress=<*>,waitmodeenable=<*>,mode=<*>,manual=<*>,auto=<*>,adj=<*>.0userId=<*>",ready=
"03-17 16:13:38.839  1702  2113 V WindowManager: Skipping AppWindowToken{df0798e token=Token{78af589 ActivityRecord{3b04890 u0 com.tencent.qt.qtl/com.tencent.video.player.activity.PlayerActivity t761}}} -- going to hide
","String message = ""Skipping AppWindowToken{"" + token + ""} -- going to hide"";
Log.v(TAG, message);",Skipping AppWindowToken{<*> token=Token{<*> ActivityRecord{<*> u0 <*>}}} -- going to hide,Skipping AppWindowToken{
"03-17 16:13:38.859  2227  2227 D TextView: visible is system.time.showampm
","Log.d(TAG, ""visible is "" + visible);",visible is <*>,visible is 
"03-17 16:13:38.861  2227  2227 D TextView: mVisiblity.getValue is false
","Log.d(TAG, ""mVisiblity.getValue is false"");",mVisiblity.getValue is <*>,mVisiblity.getValue is false
"03-17 16:13:38.869  2227  2227 D TextView: visible is system.charge.show
","Log.d(TAG, ""visible is "" + visible);",visible is <*>,visible is 
"03-17 16:13:38.871  2227  2227 D TextView: mVisiblity.getValue is false
","Log.d(TAG, ""mVisiblity.getValue is false"");",mVisiblity.getValue is <*>,mVisiblity.getValue is false
"03-17 16:13:38.875  2227  2227 D TextView: visible is system.call.count gt 0
","Log.d(TAG, ""visible is system.call.count gt 0"");",visible is <*> gt <*>,visible is system.call.count gt 0
"03-17 16:13:38.877  2227  2227 D TextView: mVisiblity.getValue is false
","Log.d(TAG, ""mVisiblity.getValue is false"");",mVisiblity.getValue is <*>,mVisiblity.getValue is false
"03-17 16:13:38.881  2227  2227 D TextView: visible is system.message.count gt 0
","Log.d(TAG, ""visible is system.message.count gt 0"");",visible is <*> gt <*>,visible is system.message.count gt 0
"03-17 16:13:38.882  2227  2227 D TextView: mVisiblity.getValue is false
","Log.d(TAG, ""mVisiblity.getValue is false"");",mVisiblity.getValue is <*>,mVisiblity.getValue is false
"03-17 16:13:38.887  2227  2227 D TextView: visible is system.ownerinfo.show
","Log.d(TAG, ""visible is "" + visible);",visible is <*>,visible is 
"03-17 16:13:38.888  2227  2227 D TextView: mVisiblity.getValue is false
","Log.d(TAG, ""mVisiblity.getValue is false"");",mVisiblity.getValue is <*>,mVisiblity.getValue is false
"03-17 16:13:38.905  1702 10454 D PowerManagerService: release:lock=233570404, flg=0x0, tag=""View Lock"", name=com.android.systemui"", ws=null, uid=10037, pid=2227
","Log.d(TAG, ""release:lock="" + lock + "", flg=0x"" + Integer.toHexString(flg) + "", tag=\"""" + tag + ""\"", name="" + name + ""\"", ws="" + ws + "", uid="" + uid + "", pid="" + pid);","release:lock=<*>, flg=<*>, tag=""<*>"", name=<*>, ws=<*>, uid=<*>, pid=<*>",release:lock=
"03-17 16:13:38.907  1702 10454 D PowerManagerService: ready=true,policy=3,wakefulness=1,wksummary=0x23,uasummary=0x1,bootcompleted=true,boostinprogress=false,waitmodeenable=false,mode=false,manual=38,auto=-1,adj=0.0userId=0
","String message = String.format(""ready=%b,policy=%d,wakefulness=%d,wksummary=0x%x,uasummary=0x%x,bootcompleted=%b,boostinprogress=%b,waitmodeenable=%b,mode=%b,manual=%d,auto=%d,adj=%fuserId=%d"", ready, policy, wakefulness, wksummary, uasummary, bootcompleted, boostinprogress, waitmodeenable, mode, manual, auto, adj, userId);
Log.d(TAG, message);","ready=<*>,policy=<*>,wakefulness=<*>,wksummary=<*>,uasummary=<*>,bootcompleted=<*>,boostinprogress=<*>,waitmodeenable=<*>,mode=<*>,manual=<*>,auto=<*>,adj=<*>.0userId=<*>","ready=<*>,policy=<*>,wakefulness=<*>,wksummary=0x<*>,uasummary=0x<*>,bootcompleted=<*>,boostinprogress=<*>,waitmodeenable=<*>,mode=<*>,manual=<*>,auto=<*>,adj=<*>=<*>"
"03-17 16:13:38.915  1702  3693 V WindowManager: Skipping AppWindowToken{df0798e token=Token{78af589 ActivityRecord{3b04890 u0 com.tencent.qt.qtl/com.tencent.video.player.activity.PlayerActivity t761}}} -- going to hide
","Log.v(TAG, ""Skipping AppWindowToken{"" + token + ""} -- going to hide"");",Skipping AppWindowToken{<*> token=Token{<*> ActivityRecord{<*> u0 <*>}}} -- going to hide,Skipping AppWindowToken{
"03-17 16:13:38.928  2227  2227 I StackScrollAlgorithm: updateClipping isOverlap:false, getTopPadding=333.0, Translation=-24.0
","Log.i(TAG, ""updateClipping isOverlap:"" + isOverlap + "", getTopPadding="" + topPadding + "", Translation="" + translation);","updateClipping isOverlap:<*>, getTopPadding=<*>, Translation=<*>",updateClipping isOverlap:
"03-17 16:13:38.928  2227  2227 I StackScrollAlgorithm: updateDimmedActivatedHideSensitive overlap:false
","Log.i(TAG, ""updateDimmedActivatedHideSensitive overlap:"" + overlap);",updateDimmedActivatedHideSensitive overlap:<*>,updateDimmedActivatedHideSensitive overlap:
"03-17 16:13:38.935  1702  3697 W ActivityManager: getRunningAppProcesses: caller 10113 does not hold REAL_GET_TASKS; limiting output
","Log.w(TAG, ""getRunningAppProcesses: caller %d does not hold REAL_GET_TASKS; limiting output"", callerId);",getRunningAppProcesses: caller <*> does not hold REAL_GET_TASKS; limiting output,getRunningAppProcesses: caller <*> does not hold REAL_GET_TASKS; limiting output
"03-17 16:13:38.936  1702 14638 D PowerManagerService: release:lock=189667585, flg=0x0, tag=""*launch*"", name=android"", ws=WorkSource{10113}, uid=1000, pid=1702
","String message = String.format(""release:lock=%d, flg=0x%x, tag=\""%s\"", name=\""%s\"", ws=%s, uid=%d, pid=%d"", lock, flg, tag, name, ws.toString(), uid, pid);
Log.d(TAG, message);","release:lock=<*>, flg=<*>, tag=""<*>"", name=<*>, ws=<*>, uid=<*>, pid=<*>","release:lock=<*>, flg=0x<*>, tag=\"
"03-17 16:13:38.938  1702 14638 D PowerManagerService: ready=true,policy=3,wakefulness=1,wksummary=0x23,uasummary=0x1,bootcompleted=true,boostinprogress=false,waitmodeenable=false,mode=false,manual=38,auto=-1,adj=0.0userId=0
","String message = String.format(""ready=%b,policy=%d,wakefulness=%d,wksummary=0x%x,uasummary=0x%x,bootcompleted=%b,boostinprogress=%b,waitmodeenable=%b,mode=%b,manual=%d,auto=%d,adj=%.1fuserId=%d"", ready, policy, wakefulness, wksummary, uasummary, bootcompleted, boostinprogress, waitmodeenable, mode, manual, auto, adj, userId);
Log.d(TAG, message);","ready=<*>,policy=<*>,wakefulness=<*>,wksummary=<*>,uasummary=<*>,bootcompleted=<*>,boostinprogress=<*>,waitmodeenable=<*>,mode=<*>,manual=<*>,auto=<*>,adj=<*>.0userId=<*>","ready=<*>,policy=<*>,wakefulness=<*>,wksummary=0x<*>,uasummary=0x<*>,bootcompleted=<*>,boostinprogress=<*>,waitmodeenable=<*>,mode=<*>,manual=<*>,auto=<*>,adj=%.1fuserId=<*>"
"03-17 16:13:38.954  2227  2227 I PhoneStatusBar: setSystemUiVisibility vis=40000500 mask=ffffffff oldVal=508 newVal=40000500 diff=40000008 fullscreenStackVis=0 dockedStackVis=0, fullscreenStackBounds=Rect(0, 0 - 720, 1280), dockedStackBounds=Rect(0, 0 - 0, 0)
","Log.i(TAG, ""setSystemUiVisibility vis=%d mask=%x oldVal=%x newVal=%x diff=%x fullscreenStackVis=%d dockedStackVis=%d, fullscreenStackBounds=%s, dockedStackBounds=%s"", vis, mask, oldVal, newVal, diff, fullscreenStackVis, dockedStackVis, fullscreenStackBounds.toString(), dockedStackBounds.toString());","setSystemUiVisibility vis=<*> mask=<*> oldVal=<*> newVal=<*> diff=<*> fullscreenStackVis=<*> dockedStackVis=<*>, fullscreenStackBounds=Rect(<*>, <*> - <*>, <*>), dockedStackBounds=Rect(<*>, <*> - <*>, <*>)","setSystemUiVisibility vis=<*> mask=<*> oldVal=<*> newVal=<*> diff=<*> fullscreenStackVis=<*> dockedStackVis=<*>, fullscreenStackBounds=<*>, dockedStackBounds=<*>"
"03-17 16:13:38.955  2227  2227 I PhoneStatusBar: cancelAutohide
","Log.i(TAG, ""cancelAutohide"");",cancelAutohide,cancelAutohide
"03-17 16:13:38.955  2227  2227 I PhoneStatusBar: notifyUiVisibilityChanged:vis=0x40000500, SystemUiVisibility=0x40000500
","Log.i(TAG, ""notifyUiVisibilityChanged:vis=0x%s, SystemUiVisibility=0x%s"", Integer.toHexString(vis), Integer.toHexString(systemUiVisibility));","notifyUiVisibilityChanged:vis=<*>, SystemUiVisibility=<*>","notifyUiVisibilityChanged:vis=0x<*>, SystemUiVisibility=0x<*>"
"03-17 16:13:38.994  1702 27365 I WindowManager: Destroying surface Surface(name=SurfaceView - com.tencent.qt.qtl/com.tencent.video.player.activity.PlayerActivity) called by com.android.server.wm.WindowStateAnimator.destroyDeferredSurfaceLocked:942 com.android.server.wm.WindowManagerService.performDeferredDestroyWindow:3407 com.android.server.wm.Session.performDeferredDestroy:225 android.view.IWindowSession$Stub.onTransact:398 com.android.server.wm.Session.onTransact:136 android.os.Binder.execTransact:565 <bottom of call stack> <bottom of call stack> 
","Log.i(TAG, ""Destroying surface Surface(name=SurfaceView - %s) called by %s"", surfaceName, caller);",Destroying surface Surface(name=<*>) called by <*>,Destroying surface Surface(name=SurfaceView - <*>) called by <*>
"03-17 16:13:39.006  1702  2639 I WindowManager: Destroying surface Surface(name=com.tencent.qt.qtl/com.tencent.video.player.activity.PlayerActivity) called by com.android.server.wm.WindowStateAnimator.destroySurface:2060 com.android.server.wm.WindowStateAnimator.destroySurfaceLocked:913 com.android.server.wm.WindowState.destroyOrSaveSurface:2201 com.android.server.wm.WindowManagerService.tryStartExitingAnimation:3299 com.android.server.wm.WindowManagerService.relayoutWindow:3179 com.android.server.wm.Session.relayout:215 android.view.IWindowSession$Stub.onTransact:286 com.android.server.wm.Session.onTransact:136 
","String message = ""Destroying surface Surface(name=%s) called by %s"";
Log.i(TAG, message, surfaceName, caller);",Destroying surface Surface(name=<*>) called by <*>,Destroying surface Surface(name=<*>) called by <*>
"03-17 16:13:39.010  1702  2639 D PowerManagerService: release:lock=62617001, flg=0x0, tag=""WindowManager"", name=android"", ws=WorkSource{10113}, uid=1000, pid=1702
","String message = String.format(""release:lock=%d, flg=0x%x, tag=\""%s\"", name=\""%s\"", ws=%s, uid=%d, pid=%d"", lock, flg, tag, name, ws.toString(), uid, pid);
Log.d(TAG, message);","release:lock=<*>, flg=<*>, tag=""<*>"", name=<*>, ws=<*>, uid=<*>, pid=<*>","release:lock=<*>, flg=0x<*>, tag=\"
"03-17 16:13:39.011  1702  2639 D PowerManagerService: userActivityNoUpdateLocked: eventTime=261843648, event=0, flags=0x1, uid=1000
","String message = String.format(""userActivityNoUpdateLocked: eventTime=%d, event=%d, flags=0x%x, uid=%d"", eventTime, event, flags, uid);
Log.d(TAG, message);","userActivityNoUpdateLocked: eventTime=<*>, event=<*>, flags=<*>, uid=<*>","userActivityNoUpdateLocked: eventTime=<*>, event=<*>, flags=0x<*>, uid=<*>"
"03-17 16:13:39.011  1702  2639 D PowerManagerService: ready=true,policy=3,wakefulness=1,wksummary=0x1,uasummary=0x1,bootcompleted=true,boostinprogress=false,waitmodeenable=false,mode=false,manual=38,auto=-1,adj=0.0userId=0
","String message = String.format(""ready=%b,policy=%d,wakefulness=%d,wksummary=0x%x,uasummary=0x%x,bootcompleted=%b,boostinprogress=%b,waitmodeenable=%b,mode=%b,manual=%d,auto=%d,adj=%fuserId=%d"", ready, policy, wakefulness, wksummary, uasummary, bootcompleted, boostinprogress, waitmodeenable, mode, manual, auto, adj, userId);
Log.d(TAG, message);","ready=<*>,policy=<*>,wakefulness=<*>,wksummary=<*>,uasummary=<*>,bootcompleted=<*>,boostinprogress=<*>,waitmodeenable=<*>,mode=<*>,manual=<*>,auto=<*>,adj=<*>.0userId=<*>","ready=<*>,policy=<*>,wakefulness=<*>,wksummary=0x<*>,uasummary=0x<*>,bootcompleted=<*>,boostinprogress=<*>,waitmodeenable=<*>,mode=<*>,manual=<*>,auto=<*>,adj=<*>=<*>"
"03-17 16:13:39.069  1702  1815 I WindowManager: orientation change is complete, call stopFreezingDisplayLocked
","Log.i(TAG, ""orientation change is complete, call stopFreezingDisplayLocked"");","orientation change is complete, call stopFreezingDisplayLocked","orientation change is complete, call stopFreezingDisplayLocked"
"03-17 16:13:39.070  1702  1815 I WindowManager: Screen frozen for +1s0ms due to Window{ca98d5 u0 com.tencent.qt.qtl/com.tencent.qt.qtl.activity.info.NewsDetailXmlActivity}
","String message = String.format(""Screen frozen for %ds%02dms due to %s"", seconds, milliseconds, windowName);
Log.i(TAG, message);",Screen frozen for <*> due to Window{<*> u0 <*>},Screen frozen for <*><*> due to <*>
"03-17 16:13:39.070  1702  1815 D WindowManager: startAnimation begin
","Log.d(TAG, ""startAnimation begin"");",startAnimation begin,startAnimation begin
"03-17 16:13:39.079  1702  1815 D WindowManager: startAnimation end
","Log.d(TAG, ""startAnimation end"");",startAnimation end,startAnimation end
"03-17 16:13:39.080  1702  1815 D PowerManagerService: release:lock=226887582, flg=0x0, tag=""SCREEN_FROZEN"", name=android"", ws=null, uid=1000, pid=1702
","String message = String.format(""release:lock=%d, flg=0x%x, tag=\""%s\"", name=\""%s\"", ws=%s, uid=%d, pid=%d"", lock, flg, tag, name, ws, uid, pid);
Log.d(TAG, message);","release:lock=<*>, flg=<*>, tag=""<*>"", name=<*>, ws=<*>, uid=<*>, pid=<*>","release:lock=<*>, flg=0x<*>, tag=\"
"03-17 16:13:39.080  1702  1815 D PowerManagerService: ready=true,policy=3,wakefulness=1,wksummary=0x1,uasummary=0x1,bootcompleted=true,boostinprogress=false,waitmodeenable=false,mode=false,manual=38,auto=-1,adj=0.0userId=0
","String message = String.format(""ready=%b,policy=%d,wakefulness=%d,wksummary=0x%x,uasummary=0x%x,bootcompleted=%b,boostinprogress=%b,waitmodeenable=%b,mode=%b,manual=%d,auto=%d,adj=%.1fuserId=%d"", ready, policy, wakefulness, wksummary, uasummary, bootcompleted, boostinprogress, waitmodeenable, mode, manual, auto, adj, userId);
Log.d(TAG, message);","ready=<*>,policy=<*>,wakefulness=<*>,wksummary=<*>,uasummary=<*>,bootcompleted=<*>,boostinprogress=<*>,waitmodeenable=<*>,mode=<*>,manual=<*>,auto=<*>,adj=<*>.0userId=<*>","ready=<*>,policy=<*>,wakefulness=<*>,wksummary=0x<*>,uasummary=0x<*>,bootcompleted=<*>,boostinprogress=<*>,waitmodeenable=<*>,mode=<*>,manual=<*>,auto=<*>,adj=%.1fuserId=<*>"
"03-17 16:13:39.095  1702  8671 I AlarmManager: remove(PendingIntent{19abed0: PendingIntentRecord{a485420 com.tencent.qt.qtl broadcastIntent}}) changed bounds; rebatching
","Log.i(TAG, ""remove(PendingIntent{"" + pendingIntentId + "": PendingIntentRecord{"" + pendingIntentRecord + ""}}) changed bounds; rebatching"");",remove(PendingIntent{<*>: PendingIntentRecord{<*> <*> broadcastIntent}}) changed bounds; rebatching,remove(PendingIntent{
"03-17 16:13:39.207  1702  1815 I WindowManager: rotationForOrientationLw(orient=1, last=0); user=0 USER_ROTATION_LOCKED
","Log.i(TAG, ""rotationForOrientationLw(orient="" + orient + "", last="" + last + ""); user="" + user + "" USER_ROTATION_LOCKED"");","rotationForOrientationLw(orient=<*>, last=<*>); user=<*> USER_ROTATION_LOCKED",rotationForOrientationLw(orient=
"03-17 16:13:39.207  1702  1815 I WindowManager: Application requested orientation 1, got rotation 0 which has compatible metrics
","Log.i(TAG, ""Application requested orientation "" + orientation + "", got rotation "" + rotation + "" which has compatible metrics"");","Application requested orientation <*>, got rotation <*> which has compatible metrics",Application requested orientation 
"03-17 16:13:40.142  1702  2618 D PowerManagerService: acquire lock=166121161, flags=0x1, tag=""RILJ_ACK_WL"", name=com.android.phone, ws=null, uid=1001, pid=2626
","Log.d(TAG, ""acquire lock="" + lock + "", flags="" + flags + "", tag=\"""" + tag + ""\"", name="" + name + "", ws="" + ws + "", uid="" + uid + "", pid="" + pid);","acquire lock=<*>, flags=<*>, tag=""<*>"", name=<*>, ws=<*>, uid=<*>, pid=<*>",acquire lock=
"03-17 16:13:40.143  1702  2618 D PowerManagerService: ready=true,policy=3,wakefulness=1,wksummary=0x1,uasummary=0x1,bootcompleted=true,boostinprogress=false,waitmodeenable=false,mode=false,manual=38,auto=-1,adj=0.0userId=0
","Log.d(TAG, ""ready="" + ready + "",policy="" + policy + "",wakefulness="" + wakefulness + "",wksummary="" + Integer.toHexString(wksummary) + "",uasummary="" + Integer.toHexString(uasummary) + "",bootcompleted="" + bootcompleted + "",boostinprogress="" + boostinprogress + "",waitmodeenable="" + waitmodeenable + "",mode="" + mode + "",manual="" + manual + "",auto="" + auto + "",adj="" + adj + ""userId="" + userId);","ready=<*>,policy=<*>,wakefulness=<*>,wksummary=<*>,uasummary=<*>,bootcompleted=<*>,boostinprogress=<*>,waitmodeenable=<*>,mode=<*>,manual=<*>,auto=<*>,adj=<*>.0userId=<*>",ready=
"03-17 16:13:40.146  1702  2555 D PowerManagerService: ready=true,policy=3,wakefulness=1,wksummary=0x1,uasummary=0x1,bootcompleted=true,boostinprogress=false,waitmodeenable=false,mode=false,manual=38,auto=-1,adj=0.0userId=0
","String message = String.format(""ready=%b,policy=%d,wakefulness=%d,wksummary=0x%x,uasummary=0x%x,bootcompleted=%b,boostinprogress=%b,waitmodeenable=%b,mode=%b,manual=%d,auto=%d,adj=%fuserId=%d"", ready, policy, wakefulness, wksummary, uasummary, bootcompleted, boostinprogress, waitmodeenable, mode, manual, auto, adj, userId);
Log.d(TAG, message);","ready=<*>,policy=<*>,wakefulness=<*>,wksummary=<*>,uasummary=<*>,bootcompleted=<*>,boostinprogress=<*>,waitmodeenable=<*>,mode=<*>,manual=<*>,auto=<*>,adj=<*>.0userId=<*>","ready=<*>,policy=<*>,wakefulness=<*>,wksummary=0x<*>,uasummary=0x<*>,bootcompleted=<*>,boostinprogress=<*>,waitmodeenable=<*>,mode=<*>,manual=<*>,auto=<*>,adj=<*>=<*>"
"03-17 16:13:40.147  1702  2633 D PowerManagerService: ready=true,policy=3,wakefulness=1,wksummary=0x1,uasummary=0x1,bootcompleted=true,boostinprogress=false,waitmodeenable=false,mode=false,manual=38,auto=-1,adj=0.0userId=0
","String message = String.format(""ready=%b,policy=%d,wakefulness=%d,wksummary=0x%x,uasummary=0x%x,bootcompleted=%b,boostinprogress=%b,waitmodeenable=%b,mode=%b,manual=%d,auto=%d,adj=%.1fuserId=%d"", ready, policy, wakefulness, wksummary, uasummary, bootcompleted, boostinprogress, waitmodeenable, mode, manual, auto, adj, userId);
Log.d(TAG, message);","ready=<*>,policy=<*>,wakefulness=<*>,wksummary=<*>,uasummary=<*>,bootcompleted=<*>,boostinprogress=<*>,waitmodeenable=<*>,mode=<*>,manual=<*>,auto=<*>,adj=<*>.0userId=<*>","ready=<*>,policy=<*>,wakefulness=<*>,wksummary=0x<*>,uasummary=0x<*>,bootcompleted=<*>,boostinprogress=<*>,waitmodeenable=<*>,mode=<*>,manual=<*>,auto=<*>,adj=%.1fuserId=<*>"
"03-17 16:13:40.148  1702  2395 D PowerManagerService: ready=true,policy=3,wakefulness=1,wksummary=0x1,uasummary=0x1,bootcompleted=true,boostinprogress=false,waitmodeenable=false,mode=false,manual=38,auto=-1,adj=0.0userId=0
","String message = String.format(""ready=%b,policy=%d,wakefulness=%d,wksummary=0x%x,uasummary=0x%x,bootcompleted=%b,boostinprogress=%b,waitmodeenable=%b,mode=%b,manual=%d,auto=%d,adj=%.1fuserId=%d"", ready, policy, wakefulness, wksummary, uasummary, bootcompleted, boostinprogress, waitmodeenable, mode, manual, auto, adj, userId);
Log.d(TAG, message);","ready=<*>,policy=<*>,wakefulness=<*>,wksummary=<*>,uasummary=<*>,bootcompleted=<*>,boostinprogress=<*>,waitmodeenable=<*>,mode=<*>,manual=<*>,auto=<*>,adj=<*>.0userId=<*>","ready=<*>,policy=<*>,wakefulness=<*>,wksummary=0x<*>,uasummary=0x<*>,bootcompleted=<*>,boostinprogress=<*>,waitmodeenable=<*>,mode=<*>,manual=<*>,auto=<*>,adj=%.1fuserId=<*>"
"03-17 16:13:40.150  1702  2556 D PowerManagerService: ready=true,policy=3,wakefulness=1,wksummary=0x1,uasummary=0x1,bootcompleted=true,boostinprogress=false,waitmodeenable=false,mode=false,manual=38,auto=-1,adj=0.0userId=0
","String message = String.format(""ready=%b,policy=%d,wakefulness=%d,wksummary=0x%x,uasummary=0x%x,bootcompleted=%b,boostinprogress=%b,waitmodeenable=%b,mode=%b,manual=%d,auto=%d,adj=%fuserId=%d"", ready, policy, wakefulness, wksummary, uasummary, bootcompleted, boostinprogress, waitmodeenable, mode, manual, auto, adj, userId);
Log.d(TAG, message);","ready=<*>,policy=<*>,wakefulness=<*>,wksummary=<*>,uasummary=<*>,bootcompleted=<*>,boostinprogress=<*>,waitmodeenable=<*>,mode=<*>,manual=<*>,auto=<*>,adj=<*>.0userId=<*>","ready=<*>,policy=<*>,wakefulness=<*>,wksummary=0x<*>,uasummary=0x<*>,bootcompleted=<*>,boostinprogress=<*>,waitmodeenable=<*>,mode=<*>,manual=<*>,auto=<*>,adj=<*>=<*>"
"03-17 16:13:40.190  1702  2250 D PowerManagerService: ready=true,policy=3,wakefulness=1,wksummary=0x1,uasummary=0x1,bootcompleted=true,boostinprogress=false,waitmodeenable=false,mode=false,manual=38,auto=-1,adj=0.0userId=0
","Log.d(TAG, ""ready="" + ready + "",policy="" + policy + "",wakefulness="" + wakefulness + "",wksummary="" + wksummary + "",uasummary="" + uasummary + "",bootcompleted="" + bootcompleted + "",boostinprogress="" + boostinprogress + "",waitmodeenable="" + waitmodeenable + "",mode="" + mode + "",manual="" + manual + "",auto="" + auto + "",adj="" + adj + ""userId="" + userId);","ready=<*>,policy=<*>,wakefulness=<*>,wksummary=<*>,uasummary=<*>,bootcompleted=<*>,boostinprogress=<*>,waitmodeenable=<*>,mode=<*>,manual=<*>,auto=<*>,adj=<*>.0userId=<*>",ready=
"03-17 16:13:40.241  2626  8682 W PhoneInterfaceManager: shouldBlockLocation running ...
","Log.w(TAG, ""shouldBlockLocation running ..."");",shouldBlockLocation running ...,shouldBlockLocation running ...
"03-17 16:13:40.241  2626  8682 I PhoneInterfaceManager: shouldBlockLocation  ret:false
","Log.i(TAG, ""shouldBlockLocation  ret:"" + ret);",shouldBlockLocation ret:<*>,shouldBlockLocation  ret:
"03-17 16:13:40.280  2626  2642 W PhoneInterfaceManager: shouldBlockLocation running ...
","Log.w(TAG, ""shouldBlockLocation running ..."");",shouldBlockLocation running ...,shouldBlockLocation running ...
"03-17 16:13:40.280  2626  2642 I PhoneInterfaceManager: shouldBlockLocation  ret:false
","Log.i(TAG, ""shouldBlockLocation  ret:"" + ret);",shouldBlockLocation ret:<*>,shouldBlockLocation  ret:
"03-17 16:13:40.305  3664  3807 D TelephonyManager: getNeighboringCellInfo calling app is com.amap.android.ams
","Log.d(TAG, ""getNeighboringCellInfo calling app is "" + callingApp);",getNeighboringCellInfo calling app is <*>,getNeighboringCellInfo calling app is 
"03-17 16:13:40.307  2626 23469 W PhoneInterfaceManager: shouldBlockLocation running ...
","Log.w(TAG, ""shouldBlockLocation running ..."");",shouldBlockLocation running ...,shouldBlockLocation running ...
"03-17 16:13:40.308  2626 23469 I PhoneInterfaceManager: shouldBlockLocation  ret:false
","Log.i(TAG, ""shouldBlockLocation  ret:"" + ret);",shouldBlockLocation ret:<*>,shouldBlockLocation  ret:
"03-17 16:13:40.309  1702  2395 D PowerManagerService: ready=true,policy=3,wakefulness=1,wksummary=0x1,uasummary=0x1,bootcompleted=true,boostinprogress=false,waitmodeenable=false,mode=false,manual=38,auto=-1,adj=0.0userId=0
","String message = String.format(""ready=%b,policy=%d,wakefulness=%d,wksummary=0x%x,uasummary=0x%x,bootcompleted=%b,boostinprogress=%b,waitmodeenable=%b,mode=%b,manual=%d,auto=%d,adj=%fuserId=%d"", ready, policy, wakefulness, wksummary, uasummary, bootcompleted, boostinprogress, waitmodeenable, mode, manual, auto, adj, userId);
Log.d(TAG, message);","ready=<*>,policy=<*>,wakefulness=<*>,wksummary=<*>,uasummary=<*>,bootcompleted=<*>,boostinprogress=<*>,waitmodeenable=<*>,mode=<*>,manual=<*>,auto=<*>,adj=<*>.0userId=<*>","ready=<*>,policy=<*>,wakefulness=<*>,wksummary=0x<*>,uasummary=0x<*>,bootcompleted=<*>,boostinprogress=<*>,waitmodeenable=<*>,mode=<*>,manual=<*>,auto=<*>,adj=<*>=<*>"
"03-17 16:13:40.319  1702 17630 D PowerManagerService: ready=true,policy=3,wakefulness=1,wksummary=0x1,uasummary=0x1,bootcompleted=true,boostinprogress=false,waitmodeenable=false,mode=false,manual=38,auto=-1,adj=0.0userId=0
","Log.d(TAG, ""ready="" + ready + "",policy="" + policy + "",wakefulness="" + wakefulness + "",wksummary="" + wksummary + "",uasummary="" + uasummary + "",bootcompleted="" + bootcompleted + "",boostinprogress="" + boostinprogress + "",waitmodeenable="" + waitmodeenable + "",mode="" + mode + "",manual="" + manual + "",auto="" + auto + "",adj="" + adj + ""userId="" + userId);","ready=<*>,policy=<*>,wakefulness=<*>,wksummary=<*>,uasummary=<*>,bootcompleted=<*>,boostinprogress=<*>,waitmodeenable=<*>,mode=<*>,manual=<*>,auto=<*>,adj=<*>.0userId=<*>",ready=
"03-17 16:13:40.322  2626  2809 W PhoneInterfaceManager: shouldBlockLocation running ...
","Log.w(TAG, ""shouldBlockLocation running ..."");",shouldBlockLocation running ...,shouldBlockLocation running ...
"03-17 16:13:40.322  2626  2809 I PhoneInterfaceManager: shouldBlockLocation  ret:false
","Log.i(TAG, ""shouldBlockLocation  ret:"" + ret);",shouldBlockLocation ret:<*>,shouldBlockLocation  ret:
"03-17 16:13:40.324  1702  2113 D PowerManagerService: ready=true,policy=3,wakefulness=1,wksummary=0x1,uasummary=0x1,bootcompleted=true,boostinprogress=false,waitmodeenable=false,mode=false,manual=38,auto=-1,adj=0.0userId=0
","String message = String.format(""ready=%b,policy=%d,wakefulness=%d,wksummary=0x%x,uasummary=0x%x,bootcompleted=%b,boostinprogress=%b,waitmodeenable=%b,mode=%b,manual=%d,auto=%d,adj=%.1fuserId=%d"", ready, policy, wakefulness, wksummary, uasummary, bootcompleted, boostinprogress, waitmodeenable, mode, manual, auto, adj, userId);
Log.d(TAG, message);","ready=<*>,policy=<*>,wakefulness=<*>,wksummary=<*>,uasummary=<*>,bootcompleted=<*>,boostinprogress=<*>,waitmodeenable=<*>,mode=<*>,manual=<*>,auto=<*>,adj=<*>.0userId=<*>","ready=<*>,policy=<*>,wakefulness=<*>,wksummary=0x<*>,uasummary=0x<*>,bootcompleted=<*>,boostinprogress=<*>,waitmodeenable=<*>,mode=<*>,manual=<*>,auto=<*>,adj=%.1fuserId=<*>"
"03-17 16:13:40.332  1702 27357 D PowerManagerService: ready=true,policy=3,wakefulness=1,wksummary=0x1,uasummary=0x1,bootcompleted=true,boostinprogress=false,waitmodeenable=false,mode=false,manual=38,auto=-1,adj=0.0userId=0
","String message = String.format(""ready=%b,policy=%d,wakefulness=%d,wksummary=0x%x,uasummary=0x%x,bootcompleted=%b,boostinprogress=%b,waitmodeenable=%b,mode=%b,manual=%d,auto=%d,adj=%fuserId=%d"", ready, policy, wakefulness, wksummary, uasummary, bootcompleted, boostinprogress, waitmodeenable, mode, manual, auto, adj, userId);
Log.d(TAG, message);","ready=<*>,policy=<*>,wakefulness=<*>,wksummary=<*>,uasummary=<*>,bootcompleted=<*>,boostinprogress=<*>,waitmodeenable=<*>,mode=<*>,manual=<*>,auto=<*>,adj=<*>.0userId=<*>","ready=<*>,policy=<*>,wakefulness=<*>,wksummary=0x<*>,uasummary=0x<*>,bootcompleted=<*>,boostinprogress=<*>,waitmodeenable=<*>,mode=<*>,manual=<*>,auto=<*>,adj=<*>=<*>"
"03-17 16:13:40.334  1702 27357 D PowerManagerService: ready=true,policy=3,wakefulness=1,wksummary=0x1,uasummary=0x1,bootcompleted=true,boostinprogress=false,waitmodeenable=false,mode=false,manual=38,auto=-1,adj=0.0userId=0
","String message = String.format(""ready=%b,policy=%d,wakefulness=%d,wksummary=0x%x,uasummary=0x%x,bootcompleted=%b,boostinprogress=%b,waitmodeenable=%b,mode=%b,manual=%d,auto=%d,adj=%.1fuserId=%d"", ready, policy, wakefulness, wksummary, uasummary, bootcompleted, boostinprogress, waitmodeenable, mode, manual, auto, adj, userId);
Log.d(TAG, message);","ready=<*>,policy=<*>,wakefulness=<*>,wksummary=<*>,uasummary=<*>,bootcompleted=<*>,boostinprogress=<*>,waitmodeenable=<*>,mode=<*>,manual=<*>,auto=<*>,adj=<*>.0userId=<*>","ready=<*>,policy=<*>,wakefulness=<*>,wksummary=0x<*>,uasummary=0x<*>,bootcompleted=<*>,boostinprogress=<*>,waitmodeenable=<*>,mode=<*>,manual=<*>,auto=<*>,adj=%.1fuserId=<*>"
"03-17 16:13:40.343  1702  3697 D PowerManagerService: ready=true,policy=3,wakefulness=1,wksummary=0x1,uasummary=0x1,bootcompleted=true,boostinprogress=false,waitmodeenable=false,mode=false,manual=38,auto=-1,adj=0.0userId=0
","Log.d(TAG, ""ready="" + ready + "",policy="" + policy + "",wakefulness="" + wakefulness + "",wksummary="" + Integer.toHexString(wksummary) + "",uasummary="" + Integer.toHexString(uasummary) + "",bootcompleted="" + bootcompleted + "",boostinprogress="" + boostinprogress + "",waitmodeenable="" + waitmodeenable + "",mode="" + mode + "",manual="" + manual + "",auto="" + auto + "",adj="" + adj + ""userId="" + userId);","ready=<*>,policy=<*>,wakefulness=<*>,wksummary=<*>,uasummary=<*>,bootcompleted=<*>,boostinprogress=<*>,waitmodeenable=<*>,mode=<*>,manual=<*>,auto=<*>,adj=<*>.0userId=<*>",ready=
"03-17 16:13:40.345  1702 14638 D PowerManagerService: release:lock=166121161, flg=0x0, tag=""RILJ_ACK_WL"", name=com.android.phone"", ws=null, uid=1001, pid=2626
","Log.d(TAG, ""release:lock=%d, flg=0x%x, tag=\""%s\"", name=\""%s\"", ws=%s, uid=%d, pid=%d"", lock, flg, tag, name, ws, uid, pid);","release:lock=<*>, flg=<*>, tag=""<*>"", name=<*>, ws=<*>, uid=<*>, pid=<*>","release:lock=<*>, flg=0x<*>, tag=\"
"03-17 16:13:40.345  1702 14638 D PowerManagerService: ready=true,policy=3,wakefulness=1,wksummary=0x1,uasummary=0x1,bootcompleted=true,boostinprogress=false,waitmodeenable=false,mode=false,manual=38,auto=-1,adj=0.0userId=0
","Log.d(TAG, ""ready="" + ready + "",policy="" + policy + "",wakefulness="" + wakefulness + "",wksummary="" + Integer.toHexString(wksummary) + "",uasummary="" + Integer.toHexString(uasummary) + "",bootcompleted="" + bootcompleted + "",boostinprogress="" + boostinprogress + "",waitmodeenable="" + waitmodeenable + "",mode="" + mode + "",manual="" + manual + "",auto="" + auto + "",adj="" + adj + ""userId="" + userId);","ready=<*>,policy=<*>,wakefulness=<*>,wksummary=<*>,uasummary=<*>,bootcompleted=<*>,boostinprogress=<*>,waitmodeenable=<*>,mode=<*>,manual=<*>,auto=<*>,adj=<*>.0userId=<*>",ready=
"03-17 16:13:40.346  2626  2642 W PhoneInterfaceManager: shouldBlockLocation running ...
","Log.w(TAG, ""shouldBlockLocation running ..."");",shouldBlockLocation running ...,shouldBlockLocation running ...
"03-17 16:13:40.346  2626  2642 I PhoneInterfaceManager: shouldBlockLocation  ret:false
","Log.i(TAG, ""shouldBlockLocation  ret:"" + ret);",shouldBlockLocation ret:<*>,shouldBlockLocation  ret:
"03-17 16:13:41.480  1702 27357 D PowerManagerService: release:lock=264232593, flg=0x0, tag=""AudioMix"", name=audioserver"", ws=null, uid=1041, pid=0
","String message = String.format(""release:lock=%d, flg=0x%x, tag=\""%s\"", name=\""%s\"", ws=%s, uid=%d, pid=%d"", lock, flg, tag, name, ws, uid, pid);
Log.d(TAG, message);","release:lock=<*>, flg=<*>, tag=""<*>"", name=<*>, ws=<*>, uid=<*>, pid=<*>","release:lock=<*>, flg=0x<*>, tag=\"
"03-17 16:13:41.481  1702 27357 D PowerManagerService: ready=true,policy=3,wakefulness=1,wksummary=0x0,uasummary=0x1,bootcompleted=true,boostinprogress=false,waitmodeenable=false,mode=false,manual=38,auto=-1,adj=0.0userId=0
","String message = String.format(""ready=%b,policy=%d,wakefulness=%d,wksummary=0x%x,uasummary=0x%x,bootcompleted=%b,boostinprogress=%b,waitmodeenable=%b,mode=%b,manual=%d,auto=%d,adj=%fuserId=%d"", ready, policy, wakefulness, wksummary, uasummary, bootcompleted, boostinprogress, waitmodeenable, mode, manual, auto, adj, userId);
Log.d(TAG, message);","ready=<*>,policy=<*>,wakefulness=<*>,wksummary=<*>,uasummary=<*>,bootcompleted=<*>,boostinprogress=<*>,waitmodeenable=<*>,mode=<*>,manual=<*>,auto=<*>,adj=<*>.0userId=<*>","ready=<*>,policy=<*>,wakefulness=<*>,wksummary=0x<*>,uasummary=0x<*>,bootcompleted=<*>,boostinprogress=<*>,waitmodeenable=<*>,mode=<*>,manual=<*>,auto=<*>,adj=<*>=<*>"
"03-17 16:13:41.481  1702 27357 D PowerManagerService: Releasing suspend blocker ""PowerManagerService.WakeLocks"".
","Log.d(TAG, ""Releasing suspend blocker \""PowerManagerService.WakeLocks\""."");","Releasing suspend blocker ""PowerManagerService.WakeLocks"".",Releasing suspend blocker \
"03-17 16:13:41.614  1702  1820 I DisplayPowerController: HBM brightnessIn =38
","Log.i(TAG, ""HBM brightnessIn ="" + brightnessIn);",HBM brightnessIn =<*>,HBM brightnessIn =
"03-17 16:13:41.614  1702  1820 I DisplayPowerController: HBM brightnessOut =38
","Log.i(TAG, ""HBM brightnessOut ="" + brightnessOut);",HBM brightnessOut =<*>,HBM brightnessOut =
"03-17 16:13:41.614  1702  1820 D DisplayPowerController: Animating brightness: target=38, rate=200
","Log.d(TAG, ""Animating brightness: target="" + target + "", rate="" + rate);","Animating brightness: target=<*>, rate=<*>",Animating brightness: target=
"03-17 16:13:45.307  1702  2105 D PowerManagerService: userActivityNoUpdateLocked: eventTime=261849942, event=2, flags=0x0, uid=1000
","String message = String.format(""userActivityNoUpdateLocked: eventTime=%d, event=%d, flags=0x%x, uid=%d"", eventTime, event, flags, uid);
Log.d(TAG, message);","userActivityNoUpdateLocked: eventTime=<*>, event=<*>, flags=<*>, uid=<*>","userActivityNoUpdateLocked: eventTime=<*>, event=<*>, flags=0x<*>, uid=<*>"
"03-17 16:13:45.308  1702  2105 D PowerManagerService: ready=true,policy=3,wakefulness=1,wksummary=0x0,uasummary=0x1,bootcompleted=true,boostinprogress=false,waitmodeenable=false,mode=false,manual=38,auto=-1,adj=0.0userId=0
","String message = String.format(""ready=%b,policy=%d,wakefulness=%d,wksummary=0x%x,uasummary=0x%x,bootcompleted=%b,boostinprogress=%b,waitmodeenable=%b,mode=%b,manual=%d,auto=%d,adj=%fuserId=%d"", ready, policy, wakefulness, wksummary, uasummary, bootcompleted, boostinprogress, waitmodeenable, mode, manual, auto, adj, userId);
Log.d(TAG, message);","ready=<*>,policy=<*>,wakefulness=<*>,wksummary=<*>,uasummary=<*>,bootcompleted=<*>,boostinprogress=<*>,waitmodeenable=<*>,mode=<*>,manual=<*>,auto=<*>,adj=<*>.0userId=<*>","ready=<*>,policy=<*>,wakefulness=<*>,wksummary=0x<*>,uasummary=0x<*>,bootcompleted=<*>,boostinprogress=<*>,waitmodeenable=<*>,mode=<*>,manual=<*>,auto=<*>,adj=<*>=<*>"
"03-17 16:13:45.310  2227  2227 I PhoneStatusBar: suspendAutohide
","Log.i(TAG, ""suspendAutohide"");",suspendAutohide,suspendAutohide
"03-17 16:13:45.316  1702 14640 D WindowManager: interceptKeyTq keycode=4 interactive=true keyguardActive=false policyFlags=2b000002 down true canceled false
","String message = String.format(""interceptKeyTq keycode=%d interactive=%b keyguardActive=%b policyFlags=%x down %b canceled %b"", keycode, interactive, keyguardActive, policyFlags, down, canceled);
Log.d(TAG, message);",interceptKeyTq keycode=<*> interactive=<*> keyguardActive=<*> policyFlags=<*> down <*> canceled <*>,interceptKeyTq keycode=<*> interactive=<*> keyguardActive=<*> policyFlags=<*> down <*> canceled <*>
"03-17 16:13:45.317  1702 14640 D WindowManager: interceptKeyBeforeQueueing: key 4 , result : 1
","Log.d(TAG, ""interceptKeyBeforeQueueing: key %d , result : %d"", key, result);","interceptKeyBeforeQueueing: key <*> , result : <*>","interceptKeyBeforeQueueing: key <*> , result : <*>"
"03-17 16:13:45.317  1702  2105 D PowerManagerService: userActivityNoUpdateLocked: eventTime=261849949, event=1, flags=0x0, uid=1000
","Log.d(TAG, ""userActivityNoUpdateLocked: eventTime="" + eventTime + "", event="" + event + "", flags="" + flags + "", uid="" + uid);","userActivityNoUpdateLocked: eventTime=<*>, event=<*>, flags=<*>, uid=<*>",userActivityNoUpdateLocked: eventTime=
"03-17 16:13:45.318  1702  2105 D PowerManagerService: ready=true,policy=3,wakefulness=1,wksummary=0x0,uasummary=0x1,bootcompleted=true,boostinprogress=false,waitmodeenable=false,mode=false,manual=38,auto=-1,adj=0.0userId=0
","String message = String.format(""ready=%b,policy=%d,wakefulness=%d,wksummary=0x%x,uasummary=0x%x,bootcompleted=%b,boostinprogress=%b,waitmodeenable=%b,mode=%b,manual=%d,auto=%d,adj=%f,userId=%d"", ready, policy, wakefulness, wksummary, uasummary, bootcompleted, boostinprogress, waitmodeenable, mode, manual, auto, adj, userId);
Log.d(TAG, message);","ready=<*>,policy=<*>,wakefulness=<*>,wksummary=<*>,uasummary=<*>,bootcompleted=<*>,boostinprogress=<*>,waitmodeenable=<*>,mode=<*>,manual=<*>,auto=<*>,adj=<*>.0userId=<*>","ready=<*>,policy=<*>,wakefulness=<*>,wksummary=0x<*>,uasummary=0x<*>,bootcompleted=<*>,boostinprogress=<*>,waitmodeenable=<*>,mode=<*>,manual=<*>,auto=<*>,adj=<*>,userId=<*>"
"03-17 16:13:45.358  2227  2227 I PhoneStatusBar: resumeSuspendedAutohide
","Log.i(TAG, ""resumeSuspendedAutohide"");",resumeSuspendedAutohide,resumeSuspendedAutohide
"03-17 16:13:45.361  1702  3137 D WindowManager: interceptKeyTq keycode=4 interactive=true keyguardActive=false policyFlags=2b000002 down false canceled false
","String message = String.format(""interceptKeyTq keycode=%d interactive=%b keyguardActive=%b policyFlags=%x down %b canceled %b"", keycode, interactive, keyguardActive, policyFlags, down, canceled);
Log.d(TAG, message);",interceptKeyTq keycode=<*> interactive=<*> keyguardActive=<*> policyFlags=<*> down <*> canceled <*>,interceptKeyTq keycode=<*> interactive=<*> keyguardActive=<*> policyFlags=<*> down <*> canceled <*>
"03-17 16:13:45.362  1702  3137 D WindowManager: interceptKeyBeforeQueueing: key 4 , result : 1
","String message = String.format(""interceptKeyBeforeQueueing: key %d , result : %d"", key, result);
Log.d(TAG, message);","interceptKeyBeforeQueueing: key <*> , result : <*>","interceptKeyBeforeQueueing: key <*> , result : <*>"
"03-17 16:13:45.362  2227  2318 V AudioManager: querySoundEffectsEnabled...
","Log.v(TAG, ""querySoundEffectsEnabled..."");",querySoundEffectsEnabled...,querySoundEffectsEnabled...
"03-17 16:13:45.382  1702  3697 D PowerManagerService: acquire lock=189667585, flags=0x1, tag=""*launch*"", name=android, ws=WorkSource{10113}, uid=1000, pid=1702
","Log.d(TAG, ""acquire lock="" + lock + "", flags="" + flags + "", tag=\"""" + tag + ""\"", name="" + name + "", ws="" + ws + "", uid="" + uid + "", pid="" + pid);","acquire lock=<*>, flags=<*>, tag=""<*>"", name=<*>, ws=<*>, uid=<*>, pid=<*>",acquire lock=
"03-17 16:13:45.382  1702  3697 D PowerManagerService: ready=true,policy=3,wakefulness=1,wksummary=0x1,uasummary=0x1,bootcompleted=true,boostinprogress=false,waitmodeenable=false,mode=false,manual=38,auto=-1,adj=0.0userId=0
","Log.d(TAG, ""ready="" + ready + "",policy="" + policy + "",wakefulness="" + wakefulness + "",wksummary="" + wksummary + "",uasummary="" + uasummary + "",bootcompleted="" + bootcompleted + "",boostinprogress="" + boostinprogress + "",waitmodeenable="" + waitmodeenable + "",mode="" + mode + "",manual="" + manual + "",auto="" + auto + "",adj="" + adj + ""userId="" + userId);","ready=<*>,policy=<*>,wakefulness=<*>,wksummary=<*>,uasummary=<*>,bootcompleted=<*>,boostinprogress=<*>,waitmodeenable=<*>,mode=<*>,manual=<*>,auto=<*>,adj=<*>.0userId=<*>",ready=
"03-17 16:13:45.382  1702  3697 D PowerManagerService: Acquiring suspend blocker ""PowerManagerService.WakeLocks"".
","Log.d(TAG, ""Acquiring suspend blocker \""PowerManagerService.WakeLocks\""."");","Acquiring suspend blocker ""PowerManagerService.WakeLocks"".",Acquiring suspend blocker \
"03-17 16:13:45.402  1702  3694 V WindowManager: Skipping AppWindowToken{9f4ef63 token=Token{a64f992 ActivityRecord{de9231d u0 com.tencent.qt.qtl/.activity.info.NewsDetailXmlActivity t761}}} -- going to hide
","String message = ""Skipping AppWindowToken{"" + token + "" -- going to hide"";
Log.v(TAG, message);",Skipping AppWindowToken{<*> token=Token{<*> ActivityRecord{<*> u0 <*>}}} -- going to hide,Skipping AppWindowToken{
"03-17 16:13:45.405  2227  2227 I PhoneStatusBar: setSystemUiVisibility vis=508 mask=ffffffff oldVal=40000500 newVal=508 diff=40000008 fullscreenStackVis=0 dockedStackVis=0, fullscreenStackBounds=Rect(0, 0 - 720, 1280), dockedStackBounds=Rect(0, 0 - 0, 0)
","String message = ""setSystemUiVisibility vis=%d mask=%s oldVal=%s newVal=%d diff=%s fullscreenStackVis=%d dockedStackVis=%d, fullscreenStackBounds=%s, dockedStackBounds=%s"";
Log.i(TAG, String.format(message, vis, mask, oldVal, newVal, diff, fullscreenStackVis, dockedStackVis, fullscreenStackBounds.toString(), dockedStackBounds.toString()));","setSystemUiVisibility vis=<*> mask=<*> oldVal=<*> newVal=<*> diff=<*> fullscreenStackVis=<*> dockedStackVis=<*>, fullscreenStackBounds=Rect(<*>, <*> - <*>, <*>), dockedStackBounds=Rect(<*>, <*> - <*>, <*>)","setSystemUiVisibility vis=<*> mask=<*> oldVal=<*> newVal=<*> diff=<*> fullscreenStackVis=<*> dockedStackVis=<*>, fullscreenStackBounds=<*>, dockedStackBounds=<*>"
"03-17 16:13:45.408  2227  2227 I PhoneStatusBar: cancelAutohide
","Log.i(TAG, ""cancelAutohide"");",cancelAutohide,cancelAutohide
"03-17 16:13:45.408  2227  2227 I PhoneStatusBar: notifyUiVisibilityChanged:vis=0x508, SystemUiVisibility=0x508
","Log.i(TAG, ""notifyUiVisibilityChanged:vis=0x%x, SystemUiVisibility=0x%x"", vis, SystemUiVisibility);","notifyUiVisibilityChanged:vis=<*>, SystemUiVisibility=<*>","notifyUiVisibilityChanged:vis=0x<*>, SystemUiVisibility=0x<*>"
"03-17 16:13:45.466  1702 17632 W ActivityManager: Bad activity token: android.os.BinderProxy@2bd79ce
","Log.w(TAG, ""Bad activity token: "" + token);",Bad activity token: <*>@<*>,Bad activity token: 
"03-17 16:13:45.466  1702 17632 W ActivityManager: java.lang.ClassCastException: android.os.BinderProxy cannot be cast to com.android.server.am.ActivityRecord$Token
","Log.w(TAG, ""java.lang.ClassCastException: android.os.BinderProxy cannot be cast to com.android.server.am.ActivityRecord$Token"");",<*>: <*> cannot be cast to <*>$Token,java.lang.ClassCastException: android.os.BinderProxy cannot be cast to com.android.server.am.ActivityRecord$Token
"03-17 16:13:45.512  1702  2639 V WindowManager: Skipping AppWindowToken{9f4ef63 token=Token{a64f992 ActivityRecord{de9231d u0 com.tencent.qt.qtl/.activity.info.NewsDetailXmlActivity t761}}} -- going to hide
","String token = ""AppWindowToken{9f4ef63 token=Token{a64f992 ActivityRecord{de9231d u0 com.tencent.qt.qtl/.activity.info.NewsDetailXmlActivity t761}}}"";
Log.v(TAG, String.format(""Skipping %s -- going to hide"", token));",Skipping AppWindowToken{<*> token=Token{<*> ActivityRecord{<*> u0 <*>}}} -- going to hide,AppWindowToken{9f4ef63 token=Token{a64f992 ActivityRecord{de9231d u0 com.tencent.qt.qtl/.activity.info.NewsDetailXmlActivity t761}}}
"03-17 16:13:45.598  1702  2556 D PowerManagerService: release:lock=189667585, flg=0x0, tag=""*launch*"", name=android"", ws=WorkSource{10113}, uid=1000, pid=1702
","Log.d(TAG, ""release:lock="" + lock + "", flg="" + flg + "", tag=\"""" + tag + ""\"", name="" + name + "", ws="" + ws + "", uid="" + uid + "", pid="" + pid);","release:lock=<*>, flg=<*>, tag=""<*>"", name=<*>, ws=<*>, uid=<*>, pid=<*>",release:lock=
"03-17 16:13:45.599  1702  2556 D PowerManagerService: ready=true,policy=3,wakefulness=1,wksummary=0x0,uasummary=0x1,bootcompleted=true,boostinprogress=false,waitmodeenable=false,mode=false,manual=38,auto=-1,adj=0.0userId=0
","String message = String.format(""ready=%b,policy=%d,wakefulness=%d,wksummary=0x%x,uasummary=0x%x,bootcompleted=%b,boostinprogress=%b,waitmodeenable=%b,mode=%b,manual=%d,auto=%d,adj=%.1fuserId=%d"", ready, policy, wakefulness, wksummary, uasummary, bootcompleted, boostinprogress, waitmodeenable, mode, manual, auto, adj, userId);
Log.d(TAG, message);","ready=<*>,policy=<*>,wakefulness=<*>,wksummary=<*>,uasummary=<*>,bootcompleted=<*>,boostinprogress=<*>,waitmodeenable=<*>,mode=<*>,manual=<*>,auto=<*>,adj=<*>.0userId=<*>","ready=<*>,policy=<*>,wakefulness=<*>,wksummary=0x<*>,uasummary=0x<*>,bootcompleted=<*>,boostinprogress=<*>,waitmodeenable=<*>,mode=<*>,manual=<*>,auto=<*>,adj=%.1fuserId=<*>"
"03-17 16:13:45.599  1702  2556 D PowerManagerService: Releasing suspend blocker ""PowerManagerService.WakeLocks"".
","Log.d(TAG, ""Releasing suspend blocker \""PowerManagerService.WakeLocks\""."");","Releasing suspend blocker ""PowerManagerService.WakeLocks"".",Releasing suspend blocker \
"03-17 16:13:45.626  2227  2227 I PhoneStatusBar: setSystemUiVisibility vis=40000500 mask=ffffffff oldVal=508 newVal=40000500 diff=40000008 fullscreenStackVis=0 dockedStackVis=0, fullscreenStackBounds=Rect(0, 0 - 720, 1280), dockedStackBounds=Rect(0, 0 - 0, 0)
","String message = String.format(""setSystemUiVisibility vis=%d mask=%s oldVal=%d newVal=%d diff=%d fullscreenStackVis=%d dockedStackVis=%d, fullscreenStackBounds=Rect(%d, %d - %d, %d), dockedStackBounds=Rect(%d, %d - %d, %d)"", vis, mask, oldVal, newVal, diff, fullscreenStackVis, dockedStackVis, leftF, topF, rightF, bottomF, leftD, topD, rightD, bottomD);
Log.i(TAG, message);","setSystemUiVisibility vis=<*> mask=<*> oldVal=<*> newVal=<*> diff=<*> fullscreenStackVis=<*> dockedStackVis=<*>, fullscreenStackBounds=Rect(<*>, <*> - <*>, <*>), dockedStackBounds=Rect(<*>, <*> - <*>, <*>)","setSystemUiVisibility vis=<*> mask=<*> oldVal=<*> newVal=<*> diff=<*> fullscreenStackVis=<*> dockedStackVis=<*>, fullscreenStackBounds=Rect(<*>, <*> - <*>, <*>), dockedStackBounds=Rect(<*>, <*> - <*>, <*>)"
"03-17 16:13:45.627  2227  2227 I PhoneStatusBar: cancelAutohide
","Log.i(TAG, ""cancelAutohide"");",cancelAutohide,cancelAutohide
"03-17 16:13:45.627  2227  2227 I PhoneStatusBar: notifyUiVisibilityChanged:vis=0x40000500, SystemUiVisibility=0x40000500
","Log.i(TAG, ""notifyUiVisibilityChanged:vis=0x%s, SystemUiVisibility=0x%s"", Integer.toHexString(vis), Integer.toHexString(systemUiVisibility));","notifyUiVisibilityChanged:vis=<*>, SystemUiVisibility=<*>","notifyUiVisibilityChanged:vis=0x<*>, SystemUiVisibility=0x<*>"
"03-17 16:13:46.143  1702  2105 D PowerManagerService: userActivityNoUpdateLocked: eventTime=261850777, event=2, flags=0x0, uid=1000
","Log.d(TAG, ""userActivityNoUpdateLocked: eventTime="" + eventTime + "", event="" + event + "", flags="" + flags + "", uid="" + uid);","userActivityNoUpdateLocked: eventTime=<*>, event=<*>, flags=<*>, uid=<*>",userActivityNoUpdateLocked: eventTime=
"03-17 16:13:46.144  1702  2105 D PowerManagerService: ready=true,policy=3,wakefulness=1,wksummary=0x0,uasummary=0x1,bootcompleted=true,boostinprogress=false,waitmodeenable=false,mode=false,manual=38,auto=-1,adj=0.0userId=0
","Log.d(TAG, ""ready="" + ready + "",policy="" + policy + "",wakefulness="" + wakefulness + "",wksummary="" + Integer.toHexString(wksummary) + "",uasummary="" + Integer.toHexString(uasummary) + "",bootcompleted="" + bootcompleted + "",boostinprogress="" + boostinprogress + "",waitmodeenable="" + waitmodeenable + "",mode="" + mode + "",manual="" + manual + "",auto="" + auto + "",adj="" + adj + ""userId="" + userId);","ready=<*>,policy=<*>,wakefulness=<*>,wksummary=<*>,uasummary=<*>,bootcompleted=<*>,boostinprogress=<*>,waitmodeenable=<*>,mode=<*>,manual=<*>,auto=<*>,adj=<*>.0userId=<*>",ready=
"03-17 16:13:46.145  2227  2227 I PhoneStatusBar: suspendAutohide
","Log.i(TAG, ""suspendAutohide"");",suspendAutohide,suspendAutohide
"03-17 16:13:46.146  2227  2227 I PhoneStatusBar: suspendAutohide
","Log.i(TAG, ""suspendAutohide"");",suspendAutohide,suspendAutohide
"03-17 16:13:46.146  2227  2227 I PanelView: onTouchEvent::0, x=271.0, y=14.0
","Log.i(TAG, ""onTouchEvent::%d, x=%.1f, y=%.1f"", action, x, y);","onTouchEvent::<*>, x=<*>, y=<*>","onTouchEvent::<*>, x=%.1f, y=%.1f"
"03-17 16:13:46.148  2227  2227 I PanelView: schedulePeek
","Log.i(TAG, ""schedulePeek"");",schedulePeek,schedulePeek
"03-17 16:13:46.153  1702  2113 V AudioManager: getRingtonePlayer...
","Log.v(TAG, ""getRingtonePlayer..."");",getRingtonePlayer...,getRingtonePlayer...
"03-17 16:13:46.155  2227  2227 D PhoneStatusBar: disable: < expand ICONS* alerts SYSTEM_INFO* back home recent clock navigationbar search quick_settings >
","Log.d(TAG, ""disable: < expand ICONS* alerts SYSTEM_INFO* back home recent clock navigationbar search quick_settings >"");",disable: < expand ICONS* alerts SYSTEM_INFO* back home recent clock navigationbar search quick_settings >,disable: < expand ICONS* alerts SYSTEM_INFO* back home recent clock navigationbar search quick_settings >
"03-17 16:13:46.155  2227  2227 I PhoneStatusBar: suspendAutohide
","Log.i(TAG, ""suspendAutohide"");",suspendAutohide,suspendAutohide
